Workbook
Name CategoriasRiesgos: [1]Parametros!$D$37:$D$65
Name SOLICITUD_DE_CERTIFICACIÓN_DE_CRÉDITO_PRESUPUESTARIO: Listado!$B$4
Name SOLICITUD_DE_CERTIFICACIÓN_PRESUPUESTAL: Listado!$B$4
Name Z_10E4AEAE_5D84_4CFC_A3C3_6092AA5F11CA_.wvu.PrintArea: 'F-1. IDENTIFIC, ANALISIS, RESP.'!$A$1:$I$28
Name Z_10E4AEAE_5D84_4CFC_A3C3_6092AA5F11CA_.wvu.PrintArea: 'F-2. MATRIZ PROB E IMPACTO.'!#REF!
Name Z_10E4AEAE_5D84_4CFC_A3C3_6092AA5F11CA_.wvu.PrintArea: 'F-3. ASIGNACION RIESGOS '!$A$1:$D$16
Name Z_10E4AEAE_5D84_4CFC_A3C3_6092AA5F11CA_.wvu.Rows: 'F-2. MATRIZ PROB E IMPACTO.'!#REF!

Sheet Listado
A1: LISTADO DE FORMATOS
A3: Nº FORMATO | B3: NOMBRE DEL FORMATO
A4: 01 | B4: IDENTIFICACIÓN ANÁLISIS Y RESPUESTA A LOS RIESGOS
A5: 02 | B5: MATRIZ DE PROBABILIDAD E IMPACTO
A6: 03 | B6: ASIGNACIÓN DE RIESGOS

Sheet F-1. IDENTIFIC, ANALISIS, RESP.
A1: N° 01
A2: Formato para identificar, analizar y dar respuesta a riesgos
A3: 1 | B3: NÚMERO Y FECHA DEL DOCUMENTO | D3: Número
D4: Fecha
A5: 2 | B5: DATOS GENERALES DEL PROYECTO | D5: Nombre del Proyecto
D6: Ubicación Geográfica
A7: 3 | B7: IDENTIFICACIÓN DE RIESGOS
B8: 3.1 | C8: CÓDIGO DE RIESGO
B9: 3.2 | C9: DESCRIPCIÓN DEL RIESGO
B10: 3.3 | C10: CAUSA(S) GENERADORA(S) | E10: Causa N° 1
E11: Causa N° 2
E12: Causa N° 3
A13: 4 | B13: ANÁLISIS CUALITATIVO DE RIESGOS
B14: 4.1 | C14: PROBABILIDAD DE OCURRENCIA | F14: 4.2 | G14: IMPACTO EN LA EJECUCIÓN DE LA OBRA
C15: Muy baja | D15: =+'F-2. MATRIZ PROB E IMPACTO.'!C11 -> 0.1 | G15: Muy bajo | H15: =+'F-2. MATRIZ PROB E IMPACTO.'!D12 -> 0.05
C16: Baja | D16: =+'F-2. MATRIZ PROB E IMPACTO.'!C10 -> 0.3 | G16: Bajo | H16: =+'F-2. MATRIZ PROB E IMPACTO.'!E12 -> 0.1
C17: Moderada | D17: =+'F-2. MATRIZ PROB E IMPACTO.'!C9 -> 0.5 | G17: Moderado | H17: =+'F-2. MATRIZ PROB E IMPACTO.'!F12 -> 0.2
C18: Alta | D18: =+'F-2. MATRIZ PROB E IMPACTO.'!C8 -> 0.7 | G18: Alto | H18: =+'F-2. MATRIZ PROB E IMPACTO.'!G12 -> 0.4
C19: Muy alta | D19: =+'F-2. MATRIZ PROB E IMPACTO.'!C7 -> 0.9 | G19: Muy alto | H19: =+'F-2. MATRIZ PROB E IMPACTO.'!H12 -> 0.8
C20: {=IFERROR(INDEX(C15:E19,MATCH(IF(E15>0,E15,IF(E16>0,E16,IF(E17>0,E17,IF(E18>0,E18,IF(E19>0,E19,""))))),E15:E19,0),1),"")} | E20: {=IFERROR(INDEX(D15:E19,MATCH(IF(E15>0,E15,IF(E16>0,E16,IF(E17>0,E17,IF(E18>0,E18,IF(E19>0,E19,""))))),E15:E19,0),1),"")} | G20: {=IFERROR(INDEX(G15:I19,MATCH(IF(I15>0,I15,IF(I16>0,I16,IF(I17>0,I17,IF(I18>0,I18,IF(I19>0,I19,""))))),I15:I19,0),1),"")} | I20: {=IFERROR(INDEX(H15:I19,MATCH(IF(I15>0,I15,IF(I16>0,I16,IF(I17>0,I17,IF(I18>0,I18,IF(I19>0,I19,""))))),I15:I19,0),1),"")}
B21: 4.3 | C21: PRIORIZACIÓN DEL RIESGO
C22: Puntuación del Riesgo =Probabilidad x Impacto | E22: =+IFERROR(ROUND(E20*I20,3),0) -> 0 | F22: Prioridad del Riesgo | H22: =+IF(E22=0,"",IF(AND(E22>=MIN('F-2. MATRIZ PROB E IMPACTO.'!F7:H7,'F-2. MATRIZ PROB E IMPACTO.'!G8:H8,'F-2. MATRIZ PROB E IMPACTO.'!G9:H9,'F-2. MATRIZ PROB E IMPACTO.'!H10),E22<=MAX('F-2. MATRIZ PROB E IMPACTO.'!F7:H7,'F-2. MATRIZ PROB E IMPACTO.'!G8:H8,'F-2. MATRIZ PROB E IMPACTO.'!G9:H9,'F-2. MATRIZ PROB E IMPACTO.'!H10)),"Alta Prioridad",IF(AND(E22>=MIN('F-2. MATRIZ PROB E IMPACTO.'!E7:E8,'F-2. MATRIZ PROB E IMPACTO.'!F8:F10,'F-2. MATRIZ PROB E IMPACTO.'!G10,'F-2. MATRIZ PROB E IMPACTO.'!H11),E22<=MAX('F-2. MATRIZ PROB E IMPACTO.'!E7:E8,'F-2. MATRIZ PROB E IMPACTO.'!F8:F10,'F-2. MATRIZ PROB E IMPACTO.'!G10,'F-2. MATRIZ PROB E IMPACTO.'!H11)),"Prioridad Moderada",IF(AND(E22>=MIN('F-2. MATRIZ PROB E IMPACTO.'!D7:D11,'F-2. MATRIZ PROB E IMPACTO.'!E9:E11,'F-2. MATRIZ PROB E IMPACTO.'!F11,'F-2. MATRIZ PROB E IMPACTO.'!G11),E22<=MAX('F-2. MATRIZ PROB E IMPACTO.'!D7:D11,'F-2. MATRIZ PROB E IMPACTO.'!E9:E11,'F-2. MATRIZ PROB E IMPACTO.'!F11,'F-2. MATRIZ PROB E IMPACTO.'!G11, )),"Baja Prioridad",""))))
A24: 5 | B24: RESPUESTA A LOS RIESGOS
B25: 5.1 | C25: ESTRATEGIA | E25: Mitigar Riesgo | H25: Evitar Riesgo
E26: Aceptar Riesgo | H26: Transferir Riesgo
B27: 5.2 | C27: DISPARADOR DE RIESGO
B28: 5.3 | C28: ACCIONES PARA DAR RESPUESTA AL RIESGO
C35: Nombres y Apellidos del responsable de su elaboración | G35: Nombres y Apellidos del responsable de su aprobación
C36: C.C. | G36: Cargo:
G37: Dependencia:

Sheet Instrucciones Formato No 1
A1: INSTRUCCIONES PARA EL LLENADO DEL FORMATO Nº 01 | C1: Regresar
A2: Campo | B2: Información a consignar
A3: 1 | B3: Registrar un número correlativo (puede asignar también una nomenclatura alfanumérica) y la fecha en que se emite dicho documento.
A4: =1+A3 -> 2 | B4: Registrar el nombre y la ubicación geográfica del proyecto correspondiente.
A5: 3.1 | B5: Asignar un número correlativo (puede asignar también una nomenclatura alfanumérica) para identificar cada riesgo.
A6: 3.2 | B6: Describir el riesgo considerando un grado razonable de detalle. Para identificar el riesgo, pueden utilizarse una variedad de técnicas tales como: revisión de documentación del proyecto, técnicas de recolección de información (tormenta de ideas, entrevistas), análisis FODA, lista de chequeo, etc.
A7: 3.3 | B7: Registrar las condiciones o eventos previos que dan lugar a los riesgos identificados. Es posible que una causa pueda generar más de un riesgo identificado.
A8: 4.1 | B8: Indicar la probabilidad de ocurrencia asignada al riesgo, marcando con una X en la celda que se ubica a la derecha del valor numérico respectivo.
A9: 4.2 | B9: Indicar el impacto del riesgo en la ejecución de la obra marcando con una X en la celda que se ubica a la derecha del valor numérico respectivo.
A10: 4.3 | B10: La puntuación del riesgo se obtiene automáticamente multiplicando la probabilidad de ocurrencia y el impacto estimado. Asimismo, se determina de manera automática la prioridad del riesgo motivo de análisis (alta, moderada, baja), teniendo en cuenta los criterios definidos en la matriz de probabilidad e impacto (Formato N° 2).
A11: 5.1 | B11: Deberá seleccionar con una X la estrategia a desarrollar. Para ello, conforme a la metodología del PMBOK, se precisa lo siguiente: Mitigar el riesgo implica reducir la probabilidad de ocurrencia o el impacto de un riesgo a través de acciones específicas. Las acciones tendientes a reducir la probabilidad no necesariamente son las mismas para disminuir el impacto del riesgo. Evitar el riesgo implica eliminar la(s) causa(s) generadora(s) del riesgo. Debe tenerse en cuenta que en determinados casos, evitar el riesgo puede generar la modificación de las condiciones iniciales del proyecto. Aceptar el riesgo implica reconocer el riesgo y determinar, de ser el caso, las medidas a adoptar si el riesgo se materializa. Transferir el riesgo implica trasladar el impacto de un riesgo a un tercero, junto con la responsabilidad de la respuesta.
A12: 5.2 | B12: Detallar el indicador que alertará sobre la materialización del riesgo y que habilitará a poner en práctica la estrategia de respuesta al riesgo.
A13: 5.3 | B13: Detallar las acciones que se realizarán para dar respuesta a los riesgos identificados, conforme a la estrategia seleccionada en el numeral 5.1

Sheet F-2. MATRIZ PROB E IMPACTO.
A1: N° 02 | I1: Regresar
A2: Matriz de probabilidad e impacto según Guía PMBOK
A7: 1. PROBABILIDAD DE OCURRENCIA | B7: Muy Alta | C7: 0.9 | D7: =+C7*D12 -> 0.045 | E7: =+C7*E12 -> 0.09 | F7: =+C7*F12 -> 0.18 | G7: =+C7*G12 -> 0.36 | H7: =+C7*H12 -> 0.72
B8: Alta | C8: 0.7 | D8: =+C8*D12 -> 0.035 | E8: =+C8*E12 -> 0.07 | F8: =+C8*F12 -> 0.14 | G8: =+C8*G12 -> 0.28 | H8: =+C8*H12 -> 0.56
B9: Moderada | C9: 0.5 | D9: =+C9*D12 -> 0.025 | E9: =+C9*E12 -> 0.05 | F9: =+C9*F12 -> 0.1 | G9: =+C9*G12 -> 0.2 | H9: =+C9*H12 -> 0.4
B10: Baja | C10: 0.3 | D10: =+C10*D12 -> 0.015 | E10: =+C10*E12 -> 0.03 | F10: =+C10*F12 -> 0.06 | G10: =+C10*G12 -> 0.12 | H10: =+C10*H12 -> 0.24
B11: Muy Baja | C11: 0.1 | D11: =+C11*D12 -> 0.005 | E11: =+C11*E12 -> 0.01 | F11: =+C11*F12 -> 0.02 | G11: =+C11*G12 -> 0.04 | H11: =+C11*H12 -> 0.08
A12: 2. IMPACTO EN LA EJECUCIÓN DE LA OBRA | D12: 0.05 | E12: 0.1 | F12: 0.2 | G12: 0.4 | H12: 0.8
D13: Muy Bajo | E13: Bajo | F13: Moderado | G13: Alto | H13: Muy Alto
A14: 3. PRIORIDAD DEL RIESGO | F14: Baja | G14: Moderada | H14: Alta

Sheet F-3. ASIGNACION RIESGOS 
A1: N° 03 | M1: Regresar
A2: Formato para asignar los riesgos
A3: 1. NÚMERO Y FECHA DEL DOCUMENTO | C3: Número | F3: 2. DATOS GENERALES DEL PROYECTO | H3: Nombre del Proyecto
C4: Fecha | H4: Ubicación Geográfica
A6: 3.INFORMACIÓN DEL RIESGO | D6: 4 PLAN DE RESPUESTA A LOS RIESGOS
D7: 4.1 ESTRATEGIA SELECCIONADA | H7: 4.2 ACCIONES A REALIZAR EN EL MARCO DEL PLAN | K7: 4.3 RIESGO ASIGNADO A
A8: 3.1 CÓDIGO DE RIESGO | B8: 3.2 DESCRIPCIÓN DEL RIESGO | C8: 3.3 PRIORIDAD DEL RIESGO | D8: Mitigar el riesgo | E8: Evitar el riesgo | F8: Aceptar el riesgo | G8: Transferir el riesgo | K8: Entidad | L8: Contratista
C29: Nombres y Apellidos del responsable de su elaboración | H29: Nombres y Apellidos del responsable de su aprobación
C30: C.C | H30: Cargo:
H31: Dependencia:

Sheet Instrucciones Formato No 3
A1: INSTRUCCIONES PARA EL LLENADO DEL FORMATO Nº 03
A2: Campo | B2: Información a consignar
A3: 1 | B3: Registrar un número correlativo (puede asignar también una nomenclatura alfanumérica) y la fecha en que se emite dicho documento.
A4: =1+A3 -> 2 | B4: Registrar el nombre y la ubicación geográfica del proyecto correspondiente.
A5: 3.1 | B5: Asignar un número correlativo (puede asignar también una nomenclatura alfanumérica) para identificar cada riesgo.
A6: 3.2 | B6: Describir el riesgo considerando un grado razonable de detalle. Para identificar el riesgo, pueden utilizarse una variedad de técnicas tales como: revisión de documentación del proyecto, técnicas de recolección de información (tormenta de ideas, entrevistas), análisis FODA, lista de chequeo, etc.
A7: 3.3 | B7: Registrar la prioridad (alta, moderada o baja) con la que se ha calificado al riesgo, de acuerdo al análisis realizado.
A8: 4.1 | B8: Indicar la estrategia adoptada para dar respuesta al riesgo, marcando con una X en la celda correspondiente.
A9: 4.2 | B9: Detallar las acciones que se realizarán para dar respuesta a los riesgos identificados, conforme a la estrategia seleccionada en el numeral 4.1
A10: 4.3 | B10: Seleccionar con una X al responsable de la gestión del riesgo analizado.
